id,first_name,last_name,patronymic,organization,work_phone,personal_phone
1,Donovan,Gomez,Bonnerovich,Prowaste,,+1 (218) 437-5069
2,Carlson,Moreno,,Zillactic,,+1 (725) 194-8036
3,Garrett,Gillespie,,Malathion,,+1 (257) 840-6931
4,Waller,Lowe,,Zillacon,+1 (941) 607-2583,+1 (104) 829-7653
5,Marco,Mercado,Strongovich,Portaline,+1 (543) 187-2096,+1 (641) 350-7298
6,Baller,Morris,,Quinex,,+1 (875) 901-3246
7,Olsen,House,Leblancovich,Gaptec,+1 (897) 534-6021,+1 (837) 514-2960
8,Weber,Leonard,Pickettovich,Medesign,+1 (124) 937-8605,+1 (054) 319-2876
9,Ivan,Boiko,Olegovich,Tinkoff,+7 (343) 543-86-05,
10,Tony,Hawk,,,,
11,John,Remuar,,Vivid,+5324523654,+5324554353
12,Maria,Williams,,Vivid,+1 435-313-4859,
13,Steve,Turco,,Brand Names,+1 805-303-1445,
14,Shirley,Free,,National Auto Parts,,+1 940-390-4857
15,William,Rowan,,Dick Fischers,+1 574-721-4372,
